<?xml version="1.0" enconding="UTF-8"?>
<relatorio>
    <titulo>Relatorio 1</titulo>
    <data>16-03-2021</data>

    <autores>
        <autor>
            <nome>José Martins</nome>
            <numero>A90122</numero>
            <email>qq@gmail.com</email>
        </autor>
        <autor>
            <nome>Ronaldo</nome>
            <numero>7</numero>
        </autor>
    </autores>
    <resumo>
        Este é o resumo do relatório 1.
    </resumo>
    <referencias>
        <referencia>Referencia 1<referencia>
        <referencia>Referencia 2<referencia>
    </referencias>
</relatorio>